cycle,sum(ville collect each.S),sum(ville collect each.I),sum(ville collect each.Le),sum(ville collect each.Lf),sum(ville collect each.T),sum(ville collect each.K),sum(ville collect each.R1),sum(ville collect each.R2)
0,100000.66666666667,1.0,0.0,0.0,0.0,0.0,0.0,0.0
1,99011.37903053264,1.0393449865146074,1.021532036013395,0.00416189451918502,0.00010188039652386,0.00003056411895716,0.01377080648682162,0.00765044804823423
2,99017.98028903239,1.0809938500925078,2.0491309698312032,0.0166098269086116,0.00020767983144708,0.00006230394943412,0.03719517820136459,0.02066398788964699
3,99024.53454179016,1.1256097525627426,3.095431801255878,0.03732119153839003,0.00031765627123718,0.00009529688137116,0.07047911121030104,0.03915506178350057
4,99031.03859218911,1.1733397066326532,4.163009469268929,0.06633604792290657,0.00043210828021968,0.0001296324840659,0.11390120932723832,0.0632784496262435
5,99037.48908485421,1.2243399932416092,5.254528390212142,0.10371520372145598,0.00055134920025944,0.00016540476007783,0.16776526644786788,0.09320292580437103
6,99043.88249574295,1.278776679318364,6.37274970448181,0.14954066492124984,0.00067570808412603,0.00020271242523781,0.23240135282699825,0.1291118626816657
7,99050.21512168997,1.3368261683869131,7.520538868243094,0.20391613977637274,0.00080553068105898,0.00024165920431769,0.30816697455161646,0.17120387475089804
8,99056.4830693728,1.3986757861533623,8.700873613761935,0.2669675986108339,0.00094118047785608,0.00028235414335682,0.39544830990110696,0.21969350550061498
9,99062.68224366204,1.464524403363975,9.91685230334612,0.33884389176045604,0.00108303979902402,0.0003249119397072,0.4946615265075859,0.274811959170881
10,99068.80833531896,1.5345830983954432,11.171702703380959,0.41971742810422163,0.00123151096976388,0.00036945329092916,0.6062541834627829,0.3368078797015461
11,99074.85680799992,1.6090758622237455,12.468791206546491,0.5097849168215725,0.00138701754581426,0.00041610526374428,0.7307067227636563,0.40594817931314237
12,99080.82288452507,1.6882403486191415,13.811632532020178,0.6092681752087866,0.00155000561444413,0.00046500168433324,0.8685340547475933,0.4825189193042184
13,99086.70153236529,1.7723286726334222,15.203899935310732,0.7184150055957566,0.00172094517117743,0.00051628355135323,1.0202872424403107,0.5668262458001726
14,99092.48744830022,1.8616082606832465,16.649435961344963,0.8375001446251501,0.00190033157714414,0.00057009947314324,1.1865552900261183,0.6591973833478435
15,99098.17504219455,1.9563627557920977,18.152263776550786,0.9668262883900043,0.00208868710228891,0.00062660613068667,1.3679670409517655,0.7599816894176474
16,99103.75841983916,2.0568929818352486,19.716599117957493,1.1067251971743073,0.00228656256003202,0.00068596876800961,1.5651931914924078,0.8695517730513377
17,99109.231364798,2.1635179709394357,21.34686289978172,1.2575588838051788,0.00249453903936964,0.00074836171181089,1.7789484259420527,0.9883046810789182
18,99114.58731919895,2.2765760585243635,23.047694520598213,1.4197208899060847,0.0027132297408244,0.00081396892224732,2.0099936799419966,1.1166631555233315
19,99119.81936340265,2.3964260508395383,24.823965917023273,1.5936376546393967,0.00294328192311562,0.00088298457693468,2.2591385388300007,1.255076966016667
20,99124.92019447881,2.5234484702505435,26.680796412882323,1.779769980844953,0.00318537896791468,0.0009556136903744,2.527243778281119,1.404024321267288
21,99129.88210341446,2.658046883967305,28.623568416109766,1.9786146038206607,0.00344024257058876,0.00103207277117663,2.8152240549190233,1.5640133638439015
22,99134.69695097436,2.800649322387135,30.657944019158037,2.190705868353204,0.00370863506541841,0.00111259051962552,3.1240507550051446,1.7355837527806357
23,99139.35614212799,2.9517097937519305,32.78988256249602,2.416617519993439,0.0039913618944069,0.00119740856832207,3.4547550097628204,1.9193083387571224
24,99143.85059895109,3.1117099023967727,35.02565922487788,2.656964616984041,0.00428927422948571,0.00128678226884571,3.808430886365737,2.1157949368698534
25,99148.17073190445,3.2811605785019795,37.37188470848782,2.9124055696885067,0.0046032717586668,0.00138098152760004,4.1862387641149885,2.3256882022861043
26,99152.30640938564,3.4606039279586005,39.83552609184256,3.183644314843064,0.00493430564750412,0.00148029169425124,4.589408905847836,2.5496716143599083
27,99156.24692544124,3.650615211725474,42.423928928492934,3.4714326324589804,0.0052833816881108,0.00158501450643324,5.019245235164438,2.788469575091354
28,99159.98096552063,3.851804964902072,45.14484067514227,3.77657261374483,0.00565156364894203,0.00169546909468261,5.477129330626972,3.0428496281260955
29,99163.49657014274,4.06482126667427,48.00643553883009,4.099919288999629,0.00603997683960478,0.00181199305188143,5.964524648679237,3.313624804821799
30,99166.78109633888,4.2903521733197625,51.0173408393558,4.44238342505157,0.00644981190610307,0.00193494357183092,6.48298098765443,3.601656104252461
31,99169.821176724,4.52912832759711,54.18666499018294,4.804934502486956,0.00688232887318244,0.00206469866195473,7.034139205884319,3.9078551143801774
32,99172.60267603931,4.7819257590999085,57.524027208720845,5.188603883633913,0.00733886145180926,0.00220165843554278,7.6197362075949115,4.233186781997173
33,99175.11064499593,5.049568891549174,61.039589075179165,5.594488183039564,0.00782082163132409,0.00234624648939723,8.241610210971075,4.578672339428375
34,99177.32927123873,5.332933774538599,64.74408806819271,6.0237528530125335,0.00832970457745534,0.0024989113732366,8.901706313495431,4.945392396386351
35,99179.24182723393,5.632951558956502,68.64887321518367,6.477635997699827,0.00886709385918792,0.00266012815775638,9.602082370413742,5.334490205785412
36,99180.83061487091,5.9506122372051395,72.76594300603658,6.9574524301339835,0.00943466702946638,0.00283040010883991,10.34491520294876,5.7471751127493125
37,99182.07690655222,6.2869686714450665,77.10798573018707,7.464597987729037,0.01003420158689577,0.00301026047606873,11.132507153674977,6.1847261964861
38,99182.9608825281,6.643140935434874,81.68842240975333,8.000554122828845,0.01066758134800511,0.00320027440440153,11.967293007274876,6.648496115152709
39,99183.46156421377,7.020320998143837,86.52145251496422,8.566892786126306,0.0113368032622852,0.00340104097868556,12.851847295720118,7.139915164288955
40,99183.55674320704,7.419777780219008,91.62210266296098,9.165281622084535,0.01204398470513056,0.00361319541153917,13.788892007753082,7.660495559862825
41,99183.22290570168,7.842862617626325,97.00627851718437,9.797489496910373,0.01279137128703638,0.00383741138611092,14.781304723380071,8.211835957433374
42,99182.43515196812,8.29101517039872,102.69082012212736,10.465392381165923,0.01358134522096055,0.00407440356628816,15.832127194919508,8.795626219399729
43,99181.16711054658,8.76576981846069,108.69356092736919,11.170979610765917,0.01441643429369731,0.00432493028810919,16.944574396967447,9.413652442759695
44,99179.39084676985,9.268762591011688,115.03339077565452,11.916360551908728,0.01529932149146728,0.00458979644744018,18.122044068437035,10.0678022602428
45,99177.07676520142,9.801738681001389,121.73032315250268,12.703771697439882,0.01623285533475898,0.00486985660042769,19.36812677058483,10.760070428102686
46,99174.19350554167,10.366560601887311,128.8055670195936,13.535584224261942,0.01722006098281528,0.00516601829484458,20.686616485636968,11.492564714242764
47,99170.70783151736,10.965217050208693,136.28160358117108,14.414312043699278,0.01826415217410942,0.00547924565223282,22.081521781252363,12.267512100695761
48,99166.58451223059,11.599832544629566,144.18226836212548,15.342620379216381,0.01936854407577026,0.00581056322273108,23.557077566582304,13.08726531476795
49,99161.78619539952,12.272677920101087,152.5328390084883,16.323334908592038,0.02053686712227828,0.00616106013668348,25.117757466076057,13.954309703375593
50,99156.27327187607,12.986181764785158,161.36012925601673,17.359451510587885,0.02177298193195342,0.00653189457958603,26.768286837402982,14.871270465223885
51,99150.00373077404,13.74294289750172,170.69258955061852,18.454146659340125,0.02308099539890051,0.00692429861967015,28.51365645986965,15.840920255483145
52,98154.93300448587,14.545743994862837,180.56041484582366,19.61078851316958,0.02446527806828339,0.00733958342048502,30.359136919451174,16.86618717747288
53,98147.09687697771,15.389511289320359,190.84527659543562,20.832343080303453,0.02593008824038004,0.00777902647211401,32.30959743313494,17.94977635174164
54,98138.37986828027,16.28450290549094,201.71839878465684,22.121934261029722,0.02747992285629605,0.00824397685688881,34.37013114614227,19.094517303412378
55,98128.7302704942,17.234056462535296,213.2147651401861,23.483486109432484,0.0291199596178525,0.00873598788535575,36.546803431771544,20.30377968431753
56,98118.09320480215,18.24175365297357,225.37153009374344,24.92115821388024,0.03085571533571327,0.00925671460071398,38.846013166808504,21.581118426004732
57,98106.41041246806,19.311440925459856,238.2281650096427,26.439360475811064,0.03269307091470556,0.00980792127441167,41.274510202832786,22.930283446018223
58,98093.62003070199,20.44725221284854,251.8266152578887,28.042768904207712,0.03463829847527085,0.01039148954258125,43.83941361955699,24.35522978864278
59,98079.65635218493,21.653633936367367,266.211469015641,29.73634250260515,0.03669809082408521,0.01100942724722556,46.54823076909645,25.860128205053588
60,98064.44956694788,22.935372545562856,281.4301387539965,31.52534133182394,0.03887959351109957,0.01166387805332987,49.40887711428388,27.449376174602165
61,98047.92548519102,24.29762488643454,297.5330564465532,33.41534583850637,0.0411904397375068,0.01235713192125204,52.42969685688158,29.127609364934216
62,98030.00523951356,25.745951727383083,314.57388362117536,35.41227754698227,0.04363878840985419,0.01309163652295625,55.61948434250116,30.899713523611762
63,98010.60496490117,27.286354814908663,332.6097374667565,37.522421220046425,0.04623336567016194,0.01387000970104858,58.98750621786511,32.77083678770285
64,97989.63545468598,28.925317879147986,351.7014343023514,39.75244860292197,0.04898351027102044,0.01469505308130613,62.5435243023055,34.746402390169735
65,97967.00179055704,30.66985206418135,371.91375181641496,42.10944387404652,0.0518992232088413,0.01556976696265239,66.2978191185883,36.83212173254907
66,97942.60294455157,32.5275463205519,393.31571158833583,44.60093093637612,0.05499122207843955,0.01649736662353186,70.26121400766925,39.03400778203849
67,97916.33135080845,34.50662336873994,415.98088351192547,47.2349026936754,0.05827100066874043,0.01748130020062212,74.44509972710814,41.35838873728232
68,97888.07244470806,36.61600192371454,439.9877138494527,50.01985246775813,0.06175089438356779,0.01852526831507034,78.86145940273141,43.81192189040635
69,97857.70416686704,38.86536596362168,465.419878753022,52.964807724854495,0.06544415214425094,0.01963324564327528,83.52289366671383,46.4016075926188
70,97825.09642930012,41.265241931857105,492.36666519457697,56.079366292180296,0.06936501551341134,0.0208095046540234,88.44264577132618,49.13480320629233
71,97790.11054091131,43.82708488315255,520.923381342525,59.37373525931358,0.0735288058731658,0.02205864176194974,93.634626414716,52.01923689706445
72,97752.59858933878,46.5633747230898,551.1917985065439,62.85877277305248,0.07795202059772095,0.02338560617931628,99.1134379515229,55.063021084179404
73,97712.40277605939,49.487723849170244,583.2806268354469,66.54603294888973,0.08265243928178176,0.02479573178453453,104.8943975848254,58.27466532490302
74,97669.3547015704,52.6149976830725,617.3060269868083,70.44781413689083,0.08764924122446957,0.02629477236734087,110.99355904443769,61.66308835802096
75,97623.27459742056,55.961449791260364,653.3921599793363,74.57721079430951,0.0929631355259531,0.02788894065778593,117.42773214702909,65.23762897057173
76,97573.97050188013,59.54487352829946,691.6717773742512,78.94816923132262,0.09861650533350035,0.02958495160005011,124.21449950251346,69.00805527917416
77,97953.23737613874,63.38477240816342,732.2868537902665,83.57554750927893,0.1046335679782921,0.03139007039348763,131.3722294746119,72.98457193033997
78,98378.52587800927,67.52095712678756,775.7310838986581,88.47655632925775,0.11104145309723154,0.03331243592916946,138.92160484722203,77.1786693595678
79,98399.48655634126,71.98343906564227,822.2710271078969,93.67125885499826,0.11787075628050578,0.03536122688415173,146.8861192345314,81.60339957473968
80,98334.22722668089,76.7790792418031,871.704692268923,99.17970577934864,0.125153902892199,0.0375461708676597,155.2888418901119,86.27157882783996
81,98264.46551457777,81.93707717509368,924.2245457158605,105.02159243735554,0.1329250555492742,0.03987751666478226,164.15190875562976,91.19550486423877
82,98189.90626532902,87.48966410248053,980.036633339482,111.21794470156486,0.14122140093509014,0.04236642028052704,173.49823938901847,96.38791077167694
83,98110.2338110286,93.4724651851643,1039.3615239618277,117.79121369143236,0.15008346672910167,0.0450250400187305,183.35149469988832,101.86194149993797
84,98025.11056856177,99.92490926872273,1102.4352929978459,124.7653769312898,0.1595554766638918,0.04786664299916753,193.73601621739306,107.63112012077393
85,97934.175578734,106.89069269174229,1169.5105390429835,132.16604616135612,0.16968574873209286,0.05090572461962785,204.67674286296443,113.7093015905358
86,97837.0429973676,114.41830448348121,1240.857422508925,140.02058192951878,0.18052714225017066,0.05415814267505119,216.19910043584176,120.11061135324543
87,97733.30055432016,122.5616212153144,1316.764710881409,148.35821498327945,0.19213756025805723,0.05764126807741716,228.32885812461976,126.84936562478876
88,97622.50800298633,131.38058076680736,1397.5408093338103,157.21017433238842,0.20458051460070192,0.06137415438021056,241.0919453162132,133.93996962011846
89,97504.1955913143,140.94194531974145,1483.514747980245,166.6098216521085,0.21792576200615552,0.06537772860184664,254.51422076809104,141.39678931560613
90,97377.86259614374,151.3201649746145,1575.037087607815,176.59279143087883,0.2322500205490438,0.06967500616471313,268.62118482547163,149.23399156970646
91,97242.97597629641,162.59835444907404,1672.4806938290533,187.19713591728964,0.24763777706889178,0.07429133312066752,283.437623791542,157.46534655085668
92,97098.96921696138,174.86939629701394,1776.2413146992653,198.46347346879975,0.264182197394737,0.07925465921842108,298.9871737922576,166.1039854401431
93,96945.24145925842,188.23718487744964,1886.7378783190975,210.4351383231233,0.28198615259730486,0.08459584577919145,315.2917895269832,175.16210529276844
94,96781.15703528558,202.81802575428188,2004.4124040767892,223.15832907217583,0.30116337592169823,0.09034901277650946,332.3711011909481,184.65061177274893
95,96606.04556139704,218.74220510971745,2129.7293931964273,236.6822521817377,0.3218397665031881,0.09655192995095642,350.2416406538584,194.57868925214353
96,96419.20278190548,236.15574281043507,2263.1745303364046,251.05925572542512,0.34415485736731427,0.10324645721019428,368.9159157835505,204.95328654641693
97,96219.89240282879,255.22234057281992,2405.2524873516213,266.34494704110784,0.36826346645954106,0.11047903993786232,388.4013097795154,215.77850543306408
98,96007.34921152976,276.12553268825565,2556.483572372222,282.59828621846407,0.3943375503886692,0.11830126511660076,408.6987807813889,227.0548782118827
99,95780.78384360949,299.07104027258043,2717.3989117782303,299.8816451317613,0.42256828098902655,0.12677048429670795,429.80133621468826,238.77852011927126
100,95539.38963303016,324.2893200622941,2888.5337898037687,318.260819086863,0.45316836441407066,0.13595050932422117,451.69225686209387,250.94014270116327
101,95282.35206386665,352.03828421009115,3070.418701770071,337.8049750080947,0.4863746208682964,0.14591238626048889,474.3430482416137,263.5239156897854
102,95008.86142923722,382.60614687288387,3263.567605344946,358.586516419344,0.5224508397335264,0.15673525192005788,497.7111025289027,276.5061680716126
103,93773.12938907926,416.3143248984145,3468.46278523316,380.6808412794716,0.5616909190587197,0.1685072757176159,516.7370642833765,287.85392460187586
104,93467.61589160626,453.15538150838717,3682.453090993643,404.15360692803404,0.6044044809410533,0.18132134428231597,541.471485275569,301.57371143440383
105,93143.88736594983,493.8355093043088,3908.6278982875524,429.07089603673415,0.6509348623656488,0.19528045870969463,566.6726626898559,315.5515794017244
106,92801.38740711086,538.7844390789298,4147.23142234448,455.51160866184944,0.7016820908754153,0.2105046272626246,592.2129614799378,329.7165841190847
107,92439.69703167064,588.4734429501221,4398.373607011056,483.5549390882634,0.7570907080535354,0.22712721241606063,617.9356681296091,343.9816360424167
108,92058.58057666248,643.4156549857985,4661.9901707515455,513.27911830187,0.8176538924967022,0.24529616774901067,643.6517550498864,358.2417060344642
109,91658.03909330703,704.1647992678973,4937.796538972812,544.7598244668484,0.8839175345706249,0.2651752603711875,669.1369941135442,372.3722253975968
110,91238.37085551335,771.3117332728362,5225.236159546384,578.0682181128424,0.9564840751296688,0.28694522253890065,694.1297533997304,386.22786594031373
111,90800.23776437262,845.47811652337,5523.424473988559,613.2685664158672,1.036015856404726,0.3108047569214178,718.3299100457311,399.6419404893684
112,90344.73527150991,927.306445523061,5831.0908745437455,650.4154359770139,1.1232376608165981,0.33697129824497946,741.3994117238242,412.42671952530856
113,89873.46195261658,1017.4456863483678,6146.522323548442,689.5504581095927,1.218938036895315,0.36568141106859453,762.9651034427968,424.3750062854314
114,89388.58308575721,1116.5318260756467,6467.513894211451,730.6987068843858,1.3239689386414588,0.3971906815924376,782.624480368938,435.26333699976834
115,88892.88067334097,1225.1629006999078,6791.333168589876,773.8647792999795,1.4392431478121397,0.43177294434364183,799.9549977230616,444.8571563312218
116,88389.78057303632,1343.8684872388258,7114.706933014127,819.028728520003,1.5657289247852315,0.4697186774355694,814.5274259494947,452.9182386059112
117,87883.34620895742,1473.0743039306099,7433.839536699845,866.1420719962609,1.704441363980473,0.5113324091941418,825.9234444699791,459.2144615184934
118,87378.22829762852,1613.0634425533433,7744.47209706235,915.1241695238043,1.8564300371089844,0.5569290111326952,833.7571949185011,463.531776545787
119,86879.56177866472,1763.9367991256904,8041.989874782076,965.8593304426728,2.022762711571023,0.6068288134713069,837.6998702432553,465.687862366025
120,86392.80521281985,1925.5763311742114,8321.581149104255,1018.1950487655799,2.2045052418099966,0.6613515725429989,837.5056551988903,465.5465251617251
121,85923.52446918238,2097.6156232858602,8578.444690088947,1071.941762197886,2.4026981394486278,0.7208094418345883,833.0365760184671,463.03148917084854
122,85477.1311146791,2279.422599876534,8808.034928216737,1126.8744696804883,2.6183307985167588,0.7854992395550275,824.2832423230449,458.13790214043127
123,85058.59528934013,2470.0988036008057,9006.3253806418,1182.7364132014472,2.8523148208422455,0.8556944462526737,811.3782824546793,450.93977992982997
124,84672.16100707694,2668.498285908023,9170.063690967972,1239.2448370906723,3.1054582659517274,0.9316374797855183,794.5996642793482,441.59183220059947
125,84321.0964309792,2873.2668738593893,9296.987934312661,1296.0986025235297,3.3784428445514805,1.0135328533654442,774.3621300471849,430.3246872851294
126,84007.51077211919,3082.8997037335375,9385.975391439946,1352.9871933695485,3.671806007691273,1.101541802307382,751.196557640239,417.4334141053611
127,83732.26226506353,3295.812016081712,9437.102419817693,1409.6004482573856,3.985929523106159,1.1957788569318477,725.7189063444406,403.2602639562213
128,83906.96911170005,3510.415968013216,9451.606335109223,1465.638237052302,4.321035507994714,1.2963106523984143,698.5920996278462,388.17349540721693
129,84182.48856060035,3726.22593469305,9450.21168610332,1520.8971426092241,4.6772421877405606,1.4031726563221683,670.5481998130097,372.57969965336036
130,84061.82859114093,3941.697209260636,9430.467877313647,1575.2484029835755,5.054564882063125,1.5163694646189376,642.3088931331894,356.8796410517443
131,83898.06691545557,4154.701782305381,9376.738955592149,1628.4891328499996,5.452834350741024,1.6358503052223072,614.4255569972365,341.37942501855736
132,83766.95812900481,4364.321272217759,9293.78972962857,1680.3781856220403,5.871730249198745,1.7615190747596237,587.3068738804667,326.30585455146854
133,83664.03782513298,4569.844658825636,9186.485148673266,1730.7174285710162,6.310851215316569,1.8932553645949708,561.2812782741362,311.8411386817134
134,83584.88678830741,4770.761562771092,9059.534341790893,1779.3508349940093,6.769735466267783,2.030920639880335,536.5924767491482,298.1204188444092
135,83525.34010930815,4966.744365431598,8917.298145702132,1826.1617572267426,7.247880109573049,2.1743640328719147,513.4019230997204,285.2331556549108
136,83481.62959015876,5157.623010568844,8763.663692492675,1871.068946393068,7.744758245073277,2.323427473521983,491.7965889306407,273.2274537927659
137,83450.46332523796,5343.3562163728,8601.98084333018,1914.0218676399804,8.259833318668079,2.4779499956004236,471.80013494853097,262.11627260431527
138,83429.05244868128,5524.002253754294,8435.0496524915,1954.9957838628159,8.792570536256596,2.6377711608769787,453.38568114147364,251.88452199918476
139,83415.097926569,5699.691637041478,8265.145590907292,1993.9869737642784,9.342445422595818,2.8027336267787453,436.48868385357235,242.49621549611007
140,83406.75053694056,5870.603220724865,8094.069321393795,2031.0083353369093,9.90894980127194,2.972684940381582,421.01883837565623,233.90108040141425
141,83402.55568571445,6036.9444358631745,7923.20952904938,2066.085520655197,10.491595581784598,3.14747867453538,406.8703424990328,226.0402565836366
142,83401.39230531814,6198.935804148769,7753.609831207543,2099.253661992867,11.089916781305817,3.326975034391746,393.9302176115167,218.8509157975605
143,83402.41245261848,6356.799456151669,7586.033467736055,2130.5546862322926,11.703470199863288,3.511041059958987,382.0846594049117,212.26978641014202
144,83404.98580928554,6510.751137742719,7421.021882844241,2160.0351733576395,12.331835126437268,3.699550537931181,371.2235748488335,206.2356707912546
145,83408.6513222516,6660.995081869337,7258.9452433811475,2187.744692041582,12.974612395106382,3.892383718531915,361.2435660211785,200.6911002630772
146,83413.07677361855,6807.721113187406,7100.044342225594,2213.7345364848948,13.631423046593357,4.0894269139780075,352.0496622902384,195.58329514556237
147,83418.02610480116,6951.103404808867,6944.464252566748,2238.056789351428,14.301906789233138,4.290572036769942,343.5560993257133,190.86459570525597
148,83423.33375358659,7091.300390653165,6792.2806210253775,2260.763642106145,14.985720399138732,4.49571611974162,335.68641357444585,186.49251320508748
149,83428.8849941083,7228.455432512748,6643.519718655926,2281.906913429935,15.682536154292592,4.704760846287778,328.3730776732668,182.4295262587062
150,83434.6012035059,7362.697934156223,6498.173404754327,2301.5377166377884,16.392040361825494,4.917612108547648,321.5568553850867,178.6427216419522
151,83440.4290369352,7494.144677694047,6356.21007708959,2319.706236894822,17.113932011169982,5.134179603350995,315.18601014728216,175.1033539972336
152,83446.3326159263,7622.901226445077,6217.582541430494,2336.46158780751,17.84792156684145,5.354376470052435,309.2154625630731,171.78637734149507
153,83452.2879835443,7749.063292985532,6082.233572240247,2351.8517243688066,18.59372990185593,5.578118970556779,303.60596051001244,168.66998371009964
154,82627.27922812873,7872.718011986058,5950.09977931166,2365.923395218564,19.351087364817893,5.805326209445368,296.3233010505432,164.73517067237253
155,82633.23065517007,7992.744829656265,5821.109741928791,2378.7221033811775,20.119668019171936,6.035900405751581,292.14091902598534,162.36730032985648
156,82639.20105127651,8110.878985200938,5695.199610962504,2390.2921234925707,20.899188833975234,6.26975665019257,287.9211873519344,159.99605753469376
157,82645.18533402075,8227.015699450312,5572.3003334072155,2400.676530338854,21.68944111861989,6.506832335585966,283.7564067284298,157.6660383442993
158,82651.18019319915,8341.108152367826,5452.342936558648,2409.9171957003,22.49020909375123,6.747062728125368,279.6996094781878,155.402537109216
159,82657.1834314109,8453.145970426784,5335.259111509061,2418.0548094688806,23.301274540714708,6.990382362214411,275.77900165256847,153.21864717771447
160,82663.19354938084,8563.141151862003,5220.981563867892,2425.12890418236,24.12241969171207,7.23672590751362,272.0074081866107,151.11991459732928
161,82669.20948717208,8671.118989793826,5109.444217328911,2431.177881402925,24.9534289767328,7.486028693019838,268.38836364093754,149.1073438252389
162,82675.23046369717,8777.112308293488,5000.58232526455,2436.2390389563157,25.79409003856329,7.738227011568985,264.9199812594612,147.17930886793314
163,82681.25587761743,8881.15786431204,4894.332525507635,2440.348598424033,26.64419428672955,7.993258286018864,261.59737058033784,145.33274761562515
164,82687.28524623928,8983.294145791217,4790.632860469225,2443.5417325196145,27.50353716627262,8.251061149881783,258.4141198904047,143.563893443587
165,82693.3181677465,9083.560056895605,4689.422776389475,2445.852592129226,28.371918253977018,8.511575476193103,255.36318468626894,141.86871246591588
166,82699.35429767537,9181.99415843493,4590.64311022402,2447.3143328891615,29.249141253103012,8.774742375930902,252.43740442548722,140.24315643171724
167,82705.39333404673,9278.634250068497,4494.236069352679,2447.959141229384,30.13501393074866,9.040504179224596,249.62979038944923,138.68330208595884
168,82711.43500775512,9373.517159004336,4400.145207244932,2447.8182598464837,31.029348024772172,9.30880440743165,246.93367515358545,137.18542194723886
169,82717.47907615891,9466.678650650338,4308.315396960302,2446.9220125899355,31.931959136376957,9.579587740913084,244.3427801983827,135.7460146197757
170,82723.52531863634,9558.153409172699,4218.6928036004365,2445.299828757709,32.84266661774338,9.852799985323012,241.85123645947687,134.36181195865714
171,82729.57353336811,9647.975056441015,4131.224856372821,2442.9802668044067,33.76129345998557,10.12838803799567,239.4535788958519,133.02977357880923
172,82735.62353490255,9736.17619062206,4045.860220653921,2439.991037469231,34.68766618424688,10.406299855274062,237.14472761422917,131.74707494078262
173,82741.67515223727,9822.788433532902,3962.5487702786163,2436.359026333405,35.62161473729704,10.686484421189109,234.91996284485748,130.51109263045805
174,82747.72822725466,9907.842480611389,3881.2415601880093,2432.110315817966,36.56297239216239,10.968891717648715,232.7748978928516,129.31938886686385
175,82753.7826134112,9991.36815018648,3801.8907995119553,2427.270206633503,37.51157565386002,11.253472696158003,230.70545230209657,128.16969633061873
176,82759.83817461669,10073.394430379605,3724.449825129843,2421.86323869373,38.46726417006522,11.540179251019563,228.70782636650466,127.05990385629089
177,82765.8947842613,10153.949522907957,3648.8730757336702,2415.9132115048596,39.42988064642702,11.828964193928103,226.77847749430012,125.9880432194703
178,82771.95232436215,10233.06088357947,3575.116066405774,2409.443204042722,40.39927076620239,12.119781229860715,224.91409858283643,124.95227707744158
179,83150.01068480844,10310.755259542413,3503.1353637163916,2402.4755941294616,41.375283113874694,12.412584934162405,228.11159837732774,125.95088803245764
180,83619.81187867667,10388.899874537929,3465.9776962410724,2395.1837242485494,42.35787032247697,12.707361096743089,226.49974121367288,125.05558445609842
181,83635.93736372051,10467.455177496886,3456.670638323265,2387.824872431744,43.34706429874534,13.0041192896236,225.1958920486771,124.3313964067454
182,83609.00466088523,10543.670170925529,3418.637190352744,2380.367758712173,44.34274418575537,13.302823255726612,224.01311612103117,123.67447123419643
183,83598.13816118636,10618.242341681731,3366.4857301150987,2372.64630913268,45.3447087773532,13.60341263320596,222.7785387547952,122.9887674491869
184,83595.57161409751,10691.44341904778,3307.824524622083,2364.584114193858,46.352802139943165,13.90584064198295,221.46867173853718,122.26123604399822
185,83597.27131509784,10763.371495550775,3246.5853991443764,2356.1511537827746,47.36688549370155,14.210065648110467,220.10570370629284,121.50420403683438
186,83601.15316548783,10834.060126546494,3184.780945161277,2347.341142983526,48.386826162059535,14.516047848617863,218.71850786815307,120.73371209960885
187,83606.14581651232,10903.52288561106,3123.4275249244624,2338.159743519799,49.41249373018597,14.823748119055795,217.330495109907,119.96276627980217
188,83611.70124611504,10971.76994371672,3063.0272903417876,2328.6184656884934,50.443759040093575,15.133127712028076,215.95763950279408,119.20024106134838
189,83617.54047486231,11038.813190907695,3003.8185310500835,2318.731533743037,51.4804941716696,15.444148251500884,214.60973125730104,118.451575450033
190,83623.5221475412,11104.667073666247,2945.9050092895463,2308.5142862189,52.52257267879862,15.75677180363959,213.29220538050467,117.71978889421584
191,83629.57496380282,11169.348094357343,2889.3224286650147,2297.982367071457,53.569869824842485,16.07096094745275,212.00769016292145,117.00634155529099
192,83635.66311245621,11232.87408014126,2834.0724175953674,2287.151322084387,54.62226275005786,16.386678825017363,210.75711034702505,116.31174717907935
193,83641.76867659164,11295.263571183372,2780.139813696413,2276.0364018458877,55.6796305698993,16.703889170969795,209.54040634154396,115.63597265932438
194,83647.88272076192,11356.535391849797,2727.5014078392014,2264.65246941292,56.74185442101043,17.022556326303132,208.35697756610554,114.97868434027048
195,83654.00079757944,11416.708377180701,2676.130342381056,2253.013960692705,57.808817472345524,17.34264524170366,207.2059448968193,114.33939381976394
196,83660.12069289728,11475.801209443065,2625.9983089012394,2241.1348711632645,58.88040491478143,17.664121474434435,206.08630100191525,113.71754146905181
197,83666.24129946632,11533.832325928757,2577.0766371627865,2229.028755611391,59.95650393823974,17.986951181471927,204.99699388542675,113.11254284593863
198,83672.36205678647,11590.819870300156,2529.3368281114576,2216.708734194228,61.03700370198698,18.3111011105961,203.93697181690877,112.52381365574117
199,83678.48267373,11646.78166947512,2482.750809480412,2204.1875014785483,62.12179530150552,18.63653859045166,202.90520648339216,111.95078261348495
200,83684.6029917535,11701.735224990947,2437.291053708109,2191.477336794814,63.210771733892045,18.963231520167618,201.9007041278241,111.39289763192683
201,83690.7229177009,11755.697712318448,2392.93062790857,2178.590115085145,64.30382786287596,19.29114835886279,200.92251020421722,110.84962840774902
202,83696.84239090617,11808.685984386904,2349.643210546347,2165.537317843622,65.4008603840476,19.620258115214284,199.9697106199802,110.3204671117426
203,83702.961367132,11860.716577231175,2307.4030919559154,2152.330043955182,66.50176779060172,19.95053033718052,199.04143124032765,109.80492811347965
204,83709.079810739,11911.805716620103,2266.1851671442664,2138.9790203418665,67.60645033974421,20.28193510192327,198.13683655312715,109.30254723956173
205,82880.19769086417,11961.969325057145,2225.9649250118346,2125.494612375479,68.71481001982617,20.61444300594786,196.25512796758704,107.81288082844641
206,82886.24964453871,12010.155226210944,2186.714502104443,2111.8868171323084,69.8266897130703,20.948006913921095,195.93196236789453,107.87121639297477
207,82892.30131068346,12058.015429465886,2148.4154559677086,2098.1652965518747,70.94198130705178,21.28259439211554,195.34546342047437,107.65641419822762
208,82898.35238628936,12105.263488772767,2111.0445914163283,2084.3393980536234,72.060631594624,21.618189478387208,194.64563284268814,107.31933712272252
209,82904.40277676485,12151.772069520313,2074.5794021680904,2070.418143977058,73.18256785237686,21.954770355713066,193.90294223684884,106.930798219802
210,82910.45245433981,12197.488908533775,2038.99801279741,2056.410241797566,74.30770899306513,22.29231269791955,193.1502257744487,106.52383841441453
211,82916.50140816446,12242.396978802646,2004.2791277169524,2042.3240937319722,75.43597081460234,22.63079124438071,192.4025700127877,106.11373547813274
212,82922.54962878373,12286.495668584193,1970.4019927643772,2028.167805835484,76.56726845502376,22.970180536507137,191.66672663434167,105.70744402457895
213,82928.59710457375,12329.79191964535,1937.3463671938948,2013.9491966946057,77.70151752948883,23.310455258846655,190.94555193257642,105.30803463476337
214,82934.64382180216,12372.296069866023,1905.0925027323567,1999.6758057934364,78.83863464778939,23.651590394336825,190.24009343181535,104.91677440453493
215,82940.68976545049,12414.019910603425,1873.6211270383872,1985.3549016044244,79.97853764177518,23.993561292532558,189.55056711546231,104.53409876935756
216,82946.7349199547,12454.975783250902,1842.9134298014724,1970.993489435822,81.12114565753458,24.33634369726038,188.876813336002,104.1600638535824
217,82952.7792697052,12495.176161767024,1812.9510504136554,1956.5983190562408,82.26637918486689,24.67991375546007,188.21850857554978,103.79455622217084
218,82958.82279934136,12534.633461695059,1783.7160666010968,1942.1758921096757,83.41416005791314,25.024248017373942,187.5752632499828,103.43738970643692
219,82964.86549390765,12573.359954369193,1755.190983675529,1927.7324693304145,84.56441144270259,25.369323432810777,186.94666650769975,103.08834983601086
220,82970.90733892738,12611.367729783835,1727.3587242208107,1913.2740775650086,85.71705781892054,25.715117345676163,186.33230646394264,102.7472140436444
221,82976.94832042929,12648.66868187256,1700.2026181150657,1898.8065166072809,86.87202495926894,26.061607487780684,185.7317790985202,102.41376070781598
222,82982.98842494981,12685.274504042109,1673.7063928344428,1884.335365851626,88.0292399079692,26.40877197239076,185.14469194911345,102.08777307424367
223,82989.02763952239,12721.19668935273,1647.8541640085016,1869.8659907694764,89.18863095911168,26.756589287733505,184.57066543345303,101.76904084084573
224,82995.06595166113,12756.446532765844,1622.6304262095503,1855.403549213523,90.35012763516988,27.10503829055097,184.0093331048045,101.45736068546071
225,83001.10334934214,12791.035134277885,1598.0200439646405,1840.9529975541157,91.51366066581727,27.454098199745182,183.46034143888969,101.15253632202244
226,83007.13982098394,12824.973402402173,1574.0082429821164,1826.5190966521088,92.67916196710473,27.80374859013142,182.92334942509447,100.85437835222949
227,83013.1753554284,12858.27205775547,1550.580601586315,1812.1064176723144,93.84656462101857,28.15396938630557,182.39802808549985,100.56270403380378
228,83019.20994192216,12890.941636640617,1527.723042354856,1797.719347741592,95.0158028554232,28.504740856626956,181.88405997697006,100.27733701979852
229,83025.24357009887,12922.992494577964,1505.4218239534673,1783.3620954555254,96.18681202438438,28.856043607315307,181.3811387004153,99.99810709310128
230,83309.27622996233,12954.434809766106,1483.6635331635546,1769.0386962375176,97.35952858886694,29.207858576660076,182.88896842724418,100.72484990654061
231,83757.71434415982,12986.77609009339,1489.2552741673362,1754.8802000065627,98.53397532453293,29.560192597359872,182.51662863810935,100.51818983642899
232,83789.39107436579,13020.23735104456,1520.7952962556408,1741.10089256871,99.71024953867688,29.913074861603054,182.35900728133973,100.43081774061861
233,83770.73882744208,13052.047461958042,1521.9523297116948,1727.639729725346,100.88830025861846,30.26649007758553,182.22386059322005,100.35593152834146
234,83765.9955574086,13082.977979454925,1510.0719178397385,1714.326175402524,102.06800754906547,30.620402264719633,181.9888623099723,100.22557216425213
235,83767.34860796866,13113.27326213514,1492.7780296343647,1701.0877635279996,103.24929672689971,30.974789018069906,181.66505970539944,100.04587702272902
236,83771.3680148254,13143.00179658787,1473.4102009301353,1687.895030554715,104.43210676699698,31.329632030099088,181.28570341714877,99.8353186802673
237,83776.55102277653,13172.179527900225,1453.4243376537709,1674.7372785293906,105.6163802200535,31.68491406601604,180.8777299677806,99.60886187163885
238,83782.24053407932,13200.81017882713,1433.4500641991012,1661.6119327753404,106.80206045966061,32.04061813789818,180.45825240083207,99.37601384326557
239,83788.14977647926,13228.896815980035,1413.7553659403077,1648.519879983838,107.98909120503869,32.3967273615116,180.03699523433545,99.14217710517624
240,83794.15383038927,13256.44422394245,1394.450349192766,1635.4634315426988,109.17741662623948,32.75322498787184,179.61910686851866,98.91021187972986
241,83800.19837881613,13283.458763863375,1375.576415686175,1622.4454369022326,110.36698152205555,33.110094456616665,179.20715417584745,98.68154420719507
242,83806.25984465162,13309.947796743478,1357.1452109636107,1609.4688997055764,111.55773144999432,33.467319434998295,178.80232734462032,98.45683530330292
243,83812.32801001673,13335.919208298092,1339.1556010762888,1596.5368132510391,112.74961280062234,33.8248838401867,178.40511053188715,98.23635414420187
244,83818.39845234102,13361.38110567378,1321.6010564154144,1583.652091420443,113.94257283264673,34.182771849794015,178.01563688382197,98.02017469999824
245,83824.46925868382,13386.341644606893,1304.472855357451,1570.8175410468725,115.1365596844798,34.54096790534394,177.63387010548843,97.80827680684811
246,83830.53960105608,13410.808937465237,1287.7614698179686,1558.0358522026954,116.33152237288677,34.89945671186603,177.25969497364503,97.60059645184916
247,83836.60911977041,13434.791006871543,1271.4571615628256,1545.309596189289,117.52741078494974,35.25822323548492,176.89296154209885,97.39705033157043
248,83842.67765699595,13458.295763599393,1255.5502365675302,1532.641226797705,118.72417566675418,35.617252700026256,176.53350634655118,97.19754763252227
249,83848.74514182497,13481.330996907798,1240.0311515257,1520.0330829233455,119.92176861057642,35.97653058317293,176.18116239419683,97.00199558093358
250,83854.81154077625,13503.904371068595,1224.8905565836853,1507.4873917076209,121.12014204146918,36.33604261244076,175.83576376667926,96.81030199994923
251,83860.87683651198,13526.02342490228,1210.119310655077,1495.0062718511685,122.31924920368733,36.6957747611062,175.49714766935807,96.62237644811194
252,83866.9410186985,13547.69557273939,1195.7084850058166,1482.5917369469678,123.51904414716478,37.05571324414943,175.16515528452015,96.43813069336845
253,83873.00408008663,13568.928106036043,1181.64936186979,1470.2456987694934,124.71948171414222,37.415844514242664,174.83963207148778,96.25747887979618
254,83879.06601483072,13589.728195273674,1167.9334310014624,1457.969970493851,125.92051752598917,37.776155257796745,174.52042781500683,96.08033755448588
255,83885.12681776771,13610.10289196821,1154.552385412328,1445.766269835028,127.12210797023924,38.136632391071764,174.20739656188084,95.90662563233793
256,83055.18648410622,13630.05913070716,1141.4981168242637,1433.6362221043373,127.32421018784393,38.49726305635317,172.90039651026487,95.73626433455917
257,83061.17950947498,13649.025645667658,1128.7598687850616,1421.5813510577998,128.52799959808289,38.85802451445236,173.17945422202075,95.56942280469661
258,83067.17166203566,13667.92233710271,1116.3333209813113,1409.603097702648,129.73217749122395,39.21890298708506,173.12850626400453,95.40584221836045
259,83073.16273850919,13686.562107541287,1104.2106820139447,1397.702831415732,130.93672545754478,39.57989295074692,172.94160800312517,95.24528735287389
260,83079.15267960948,13704.869624619216,1092.3844577302518,1385.8818389866626,132.1416129185439,39.94098523130057,172.70058461129364,95.08769403486957
261,83085.1414702424,13722.816747842582,1080.8473960575348,1374.141328032144,133.34680455387564,40.302169232056144,172.43985806430084,94.93302760442485
262,83091.1291069814,13740.39520510041,1069.5924517740918,1362.4824299906716,134.5522634330263,40.663433873274066,172.17385303302456,94.78124868563381
263,83097.1155884134,13757.60504514494,1058.6127652857656,1350.9062028462392,135.7579523305532,41.02476798673684,171.90856940673515,94.63230936987422
264,83103.10091278629,13774.449763894498,1047.9016497069742,1339.41363367554,136.96383427415415,41.386160480169806,171.64646301753766,94.48615600794935
265,83109.08507774057,13790.934250558472,1037.4525824842824,1328.005641072534,138.16987276918312,41.74760040459592,171.3885015590007,94.34273219490292
266,83115.06808049922,13807.063923705839,1027.2591994019954,1316.6830774795499,139.37603188693637,42.10907698082153,171.1350295327732,94.20198075777566
267,83121.04991807387,13822.844368851729,1017.3152898165414,1305.4467314405053,140.58227629570828,42.47057960875315,170.88613167991733,94.06384487675534
268,83127.03058740322,13838.281187148776,1007.6147925311543,1294.297329784716,141.7885712678932,42.83209786952802,170.6417854800425,93.9282686573465
269,83133.01008543161,13853.37993282316,998.1517920193766,1283.2355397462102,142.99488267713005,43.193621524657495,170.4019250401379,93.79519739618173
270,83138.98840914996,13868.146087863894,988.9205148557726,1272.2619710216886,144.20117699137114,43.555140513947634,170.1664678032412,93.66457768758195
271,83144.96555561502,13882.58505232267,979.9153262857494,1261.3771777694246,145.4074212643401,43.91664495293665,169.93532567528933,93.53635745128166
272,83150.9415219576,13896.702141138314,971.1307269016539,1250.581660550953,146.6135831264126,44.2781251301591,169.70840963002368,93.41048592272894
273,83156.91630538506,13910.502583675889,962.5613494090015,1239.8758682171995,147.81963077534957,44.639571504365776,169.4856315879832,93.28691362645715
274,83162.88990318138,13923.991524384934,954.2019554744617,1229.2601997405634,149.0255329670613,45.000974701753094,169.26690515830964,93.16559234238008
275,83168.86231270566,13937.174023909482,946.0474326508462,1218.7350059944129,150.23125900647582,45.36232551322344,169.0521459075264,93.04647506963182
276,83174.83353139038,13950.055060371289,938.0927913760025,1208.300591481375,151.43677873853972,45.72361489168553,168.84127143260804,92.92951599006574
277,83180.80355673931,13962.63953071028,930.3331620433016,1197.9572160117878,152.64206253936206,46.08483394939752,168.6342013539791,92.81467043235028
278,83186.77238632544,13974.932252034125,922.763792141771,1187.705096333617,153.84708130750434,46.44597395535403,168.43085727657711,92.7018948370551
279,83192.74001778885,13986.937962957252,915.3800434641215,1177.5444077151303,155.0518064554153,46.80702633271656,168.2311627389635,92.5911467228733
280,83198.70644883474,13998.661324921359,908.1773893810098,1167.4752854815692,156.25620990100998,47.16798265628723,168.0350431587373,92.48238465401602
281,83488.6716772315,14010.10692349444,901.1514121799554,1157.4978265070415,157.46026405938974,47.52883465002475,167.8424257776309,93.37556820876603
282,83939.5495243461,14023.129519823136,916.890804279362,1147.7208306296686,158.6640492321388,47.88960640383342,168.7464529351309,92.73328529100328
283,83970.56584579419,14037.483995448456,963.1007066376636,1138.3643360390424,159.86770569281973,48.250339999211754,168.8573857894316,92.55304092274831
284,83953.11369788006,14050.271567373373,976.8341875589816,1129.367878846431,161.07119557279282,48.61102407499831,168.9742881068372,92.51882764926327
285,83949.47367936508,14062.418641313467,977.3164854187852,1120.5534480438168,162.27442011561013,48.97162900368988,168.9839914083155,92.48371141419045
286,83951.51859331065,14074.207641402421,972.4701089629597,1111.8482750390501,163.47733355790902,49.332141055709535,168.9056833482621,92.42378267332556
287,83955.9010970201,14085.715521189715,965.5548660764487,1103.222920891734,164.67990555522238,49.69255112714975,168.7743264779902,92.34426298254496
288,83961.24365529207,14096.959311626159,957.9092184277972,1094.665752069945,165.88210963945295,50.05285127701464,168.6154097286188,92.25348301237278
289,83966.97980142529,14107.941526910898,950.080627493785,1086.172428266257,167.0839200864918,50.41303378750554,168.44395171268727,92.15739514716333
290,83972.87676509048,14118.662858497568,942.2912021412639,1077.7415770379293,168.28531129129226,50.77309097654318,168.26796355134798,92.05946986856273
291,83978.83896519241,14129.124928494633,934.6293674513618,1069.3730160216076,169.48625778114985,51.13301520175164,168.0914671449658,91.96154011278956
292,83984.8271807249,14139.330406777955,927.1286979128207,1061.0670233418803,170.68673432951107,51.492798894601,167.91639120105117,91.86451306914597
293,83990.82532803425,14149.282642558346,919.8003164868735,1052.8240389574887,171.8867160445803,51.852434586989425,167.74361929603523,91.76881240519711
294,83996.82681537175,14158.985342526878,912.6461995120445,1044.644543031057,173.0861784203022,52.211914926537844,167.57353059874916,91.67462129905392
295,84002.82894232606,14168.442369225218,905.6646357090472,1036.5290069504904,174.28509736075446,52.57123268390782,167.40626699492682,91.58200735461895
296,84008.83060274816,14177.657630244337,898.8524636040247,1028.477874131454,175.48344918910553,52.930380755488834,167.24186115100483,91.49098413904616
297,84014.83134324248,14186.63502168245,892.2059870999445,1020.491553004824,176.68121064843197,53.28935216364352,167.08029656623611,91.40154061640617
298,84020.83097752243,14195.378400804771,885.7213490701677,1012.570414972251,177.87835889849916,53.648140055741834,166.92153525139835,91.31365491961071
299,84026.82942855093,14203.891573508974,879.3946829021743,1004.714794372292,179.07487151064228,54.006737702625394,166.76553030614875,91.22730068243455
300,84032.82666396246,14212.178289008809,873.2221731454199,996.9249892462492,180.2707264618081,54.365138496819974,166.61223156183837,91.14244990697256
301,84038.82266966105,14220.242237937597,867.2000789933516,989.2012624086345,181.46590212826726,54.72333595064923,166.46158808002923,91.05907424264029
302,84044.81743903203,14228.087052034509,861.3247425964798,981.543842620316,182.66037727923487,55.08132369432083,166.31354924024703,90.97714554603051
303,84050.8109685362,14235.716304546862,855.5925912058107,973.9529257823501,183.854131070509,55.43909547401805,166.16806520052486,90.89663611866429
304,84056.80325591093,14243.133510947082,850.0001368257147,966.4286761175621,185.04714303817534,55.79664515001115,166.02508708145336,90.81751880187039
305,84062.79429943587,14250.342129781291,844.5439748789855,958.9712273269639,186.23939309239933,56.153966694794995,165.88456702942338,90.73976700892084
306,84068.78409763306,14257.345563567118,839.2207824971481,951.5806837162802,187.43086151131342,56.511054191255255,165.74645822767545,90.66335472994987
307,83236.77264914406,14264.147159704075,834.0273166855775,944.2571212911646,187.62152893500306,56.86790183086417,164.61071488520147,90.58825652529259
308,83242.69430329683,14270.156878843221,828.9575111116126,937.0005763715052,188.8125926881357,57.224493445496826,165.07284394481067,90.51461223009355
309,83248.61497632388,14276.324828755918,824.011798863464,929.8110633324887,190.00277775026098,57.58082236310147,165.1830356900205,90.44226331514014
310,83254.53446873401,14282.444039230457,819.1868680048215,922.6885835538568,191.19208884215587,57.93688999877225,165.15187552086007,90.37108521373185
311,83260.45272719623,14288.432383908605,814.479627788737,915.6331123708652,192.3805173320869,58.2926937618516,165.0647244094305,90.3010634103257
312,83266.36974089238,14294.25836934594,809.8871350570735,908.6446009393526,193.5680493679608,58.64822949557546,164.95615702860582,90.23219857360677
313,83272.28550944343,14299.91101292551,805.4065536213374,901.7229776151554,194.75466917368647,59.00349246598178,164.84015836620162,90.16448588670764
314,83278.20003395266,14305.387620548969,801.035132854472,894.8681490675322,195.94036038300237,59.35847776205886,164.72236946095538,90.09791380760466
315,83284.11331501874,14310.688829499624,796.7701964576801,888.0800012477026,197.12510657715526,59.71318045704889,164.60505158519032,90.03246642649837
316,83290.02535259761,14315.816599001608,792.6091363336442,881.3584002748464,198.30889149976045,60.06759567290602,164.48909782810048,89.96812556326361
317,83295.9361462166,14320.7733962634,788.5494089402671,874.7031932704509,199.49169914084845,60.42171860551041,164.37484790017152,89.9048720707127
318,83301.84569517057,14325.561867167527,784.5885328285531,868.1142091560259,200.6735137679543,60.77554453399495,164.2624180402028,89.84268654015482
319,83307.7539986455,14330.184703351322,780.7240867449076,861.5912594215154,201.8543199358036,61.12906882365116,164.15183453464135,89.78154965446187
320,83313.66105578585,14334.644588834743,776.9537080082393,855.1341388680898,203.0341024873809,61.4822869262496,164.04308772899557,89.72144235432089
321,83319.56686572905,14338.944178851612,773.2750910286732,848.7426263273228,204.21284655155608,61.83519437932787,163.93615386256425,89.66234591133374
322,83325.47142762183,14343.086091708792,769.6859859072279,842.4164853579672,205.3905375393651,62.1877868050748,163.83100388624834,89.60424195651275
323,83331.37474062778,14347.072905909657,766.184197088929,836.1554649212006,206.56716113979095,62.54005990906471,163.72760701646845,89.54711248806974
324,83337.27680393048,14350.907159399887,762.7675820567406,829.959300035032,207.74270331538776,62.892009478944686,163.6259321613229,89.49093986986354
325,83343.1776167347,14354.591349664437,759.4340500603655,823.8277124084874,208.91715029788492,63.24363138311578,163.52594848711794,89.43570682577777
326,83349.07717826651,14358.127934161774,756.1815608769081,817.7604110561429,210.09048858382658,63.59492156942489,163.42762563787662,89.38139643242675
327,83354.97548777328,14361.519330887655,753.0081236017022,811.7570928935518,211.26270493026746,63.94587606387345,163.33093381495712,89.32799211126236
328,83360.87254452311,14364.767918984671,749.9117954681813,805.8174433140882,212.4337863505334,64.29649096934565,163.23584380044764,89.27547762055353
329,83366.76834780455,14367.876039363775,746.8906806959276,799.9411367477186,213.6037201100488,64.64676246435664,163.1423269581158,89.22383704744192
330,83372.66289692608,14370.845995324293,743.942929366159,794.1278372021936,214.7724937222315,64.99668680182097,163.05035522554263,89.1730548001575
331,83378.55619121555,14373.680053167085,741.0667363239711,788.3771987871459,215.94009494445422,65.34626030784108,162.95990110293332,89.12311560042683
332,83673.44823001997,14376.380442798787,738.2603401066887,782.6888662215584,217.10651177407232,65.69547938051555,163.8709376408136,89.07400447608353
333,84105.15109280898,14380.794382050566,768.5139148819006,777.2221215694842,219.2718396811473,66.04437265975623,163.92054866765181,89.10200242916854
334,84135.14678741447,14386.811627104302,823.1275382609113,772.2015514396747,220.4349894451241,66.39298874326384,164.18401513809698,89.24880886522585
335,84116.12350798206,14391.444187242667,841.8347998505939,767.5278072156132,221.59719850228944,66.7413230261852,164.42698822548454,89.38422999169336
336,84112.0055711426,14395.610173910713,846.1464627256495,763.0066076393958,222.7583876113312,67.08935173561183,164.54327271200796,89.44926846538957
337,84113.89359938624,14399.570508222772,844.734518344689,758.5600986564447,223.9185283479466,67.4370663437387,164.56146028198256,89.45980855542753
338,84118.20052343863,14403.387264328323,841.09237484642,754.1573388761955,225.07760574419834,67.78446235967114,164.5218028625263,89.43821244359063
339,84123.4809525981,14407.068998118348,836.6258009886163,749.7862705601766,226.2356075212716,68.13153609925178,164.45206888006751,89.3999070335029
340,84129.15262874961,14410.613407143237,831.8992873552035,745.4424229274208,227.39252147764245,68.47828390151119,164.36808029951632,89.35368230572378
341,84134.98105446293,14414.018109685347,827.138424507217,741.1243609060457,228.54833513054848,68.82470202110903,164.27806337071266,89.30410839910805
342,84140.87181095463,14417.282406245116,822.4323402307987,736.8318523689995,229.7030358492297,69.17078666830636,164.18606564763508,89.25343395481086
343,84146.78688941046,14420.406950440783,817.8152512181722,732.5651306405937,230.85661101878816,69.51653405812344,164.0940020240924,89.20272280278311
344,84152.71099197082,14423.393198840458,813.299307240191,728.3245981620273,232.00904814900736,69.86194044298564,164.00274808415733,89.15246137867908
345,84158.63796219401,14426.243021704446,808.8878150324679,724.110707795302,233.16033493393357,70.20700213059777,163.91268864432283,89.10286346949896
346,84164.56532232744,14428.958479067876,804.5805607562102,719.9239156286768,234.31045928076992,70.55171549261239,163.82398211295617,89.05401707995233
347,84170.49207466464,14431.541703818819,800.3759512059029,715.7646625462389,235.45940932207571,70.89607696828949,163.73668438296346,89.0059532617164
348,84176.41781682838,14433.994844093708,796.2718745023038,711.6333673571593,236.60717341952443,71.24008306562395,163.65080571065727,88.95867771280686
349,84182.34238584168,14436.320036071455,792.266045483313,707.5304245606252,237.75374016359672,71.58373036125347,163.566336416939,88.91218505601282
350,84188.26571496215,14438.51939161777,788.3561437853377,703.4562039607072,238.89909837139132,71.9270154998018,163.4832583530151,88.86646520873921
351,84194.18777610612,14440.594992951994,784.5398685519068,699.4110510108285,240.04323708360303,72.26993519297213,163.40154996039055,88.82150619411449
352,84200.10855669594,14442.548890556054,780.8149596308608,695.3952874375975,241.18614556115574,72.61248621853701,163.3211884818568,88.77729536931724
353,84206.02805034985,14444.383102551456,777.1792053155459,691.4092119633044,242.32781328171544,72.95466541929227,163.24215091747362,88.73381995667748
354,84211.94625313653,14446.09961472913,773.6304446949234,687.4531010547887,243.4682299361823,73.29646970200461,163.16441443219063,88.69106727013322
355,84217.8631620667,14447.700380863535,770.1665678548771,683.5272096699614,244.60738542520707,73.63789603636653,163.08795652557933,88.64902480952608
356,84223.77877448336,14449.187323146538,766.7855152337098,679.631771990781,245.74526985574988,73.97894145396397,163.01275509906029,88.6076802979502
357,84229.6930878133,14450.56233266848,763.4852766551314,675.7670021385104,246.8818735376896,74.31960304725915,162.9387884792853,88.56702169474211
358,83394.60609946301,14451.827269914667,760.2638902486434,671.9330948699042,246.01718698048637,74.65987796858927,161.86603542294594,88.5270371981526
359,83400.45173560588,14452.386316439268,757.1157970330751,668.1302108685678,247.15366808196464,74.99975285685645,162.39438454541113,88.48784461445965
360,83406.29644828272,14453.197790003045,754.0433187177159,664.3584965388983,248.28879888855707,75.33922399476165,162.56433650092933,88.44932304840475
361,83412.13996687016,14454.048423165394,751.0443880139252,660.618096288359,249.42259372986274,75.67829567951034,162.59137198061066,88.41138449367244
362,83417.98220928169,14454.853757156156,748.1170991956157,656.9091362306447,250.55505319710585,76.01696808679762,162.5618183587665,88.37402656751075
363,83423.82315206618,14455.580952625696,745.259653054799,653.2317255387363,251.6861724831394,76.35523977280931,162.51025325675508,88.33725762854523
364,83429.66278842777,14456.21784661233,742.4703243941249,649.5859574204524,252.81594472397856,76.69310867668202,162.45051911619447,88.3010810541124
365,83435.50111544516,14456.760548174878,739.7474444590085,645.9719098795674,253.94436233653911,77.03057252182454,162.38815069671674,88.26549461300738
366,83441.33813057009,14457.208466123426,737.0893917389088,642.3896463599556,255.07141755312313,77.36762897626367,162.32535456997607,88.23049246616591
367,83447.17383087058,14457.562316177171,734.4945870871745,638.839216324864,256.1971026339427,77.70427571640137,162.26300419839802,88.19606686142335
368,83453.00821298349,14457.82332245881,731.9614909666843,635.3206557975816,257.32140995062036,78.04051045206472,162.20143922657545,88.16220916599559
369,83458.84127319409,14457.99289771547,729.4886017137278,631.8339878763373,258.44433201800393,78.37633093605051,162.14078567996944,88.12891041933015
370,83464.67300750304,14458.072515411688,727.0744542842842,628.3792232296341,259.5658615052941,78.71173496746343,162.08108422790005,88.09616160876018
371,83470.50341166291,14458.06365871641,724.7176192308891,624.9563605750726,260.6859912389082,79.04672039257524,162.02234155758433,88.06395380039496
372,83476.33248119187,14457.967800301447,722.4167017941395,621.5653871432462,261.8047142020591,79.38128510469846,161.96455094854852,88.0322781986848
373,83482.16021137364,14457.786394483026,720.1703410561836,618.2062791276198,262.9220235330429,79.71542704367266,161.90770051028912,88.00112617217334
374,83487.98659725006,14457.520874305383,717.9772091324577,614.879002120993,264.0379125230355,80.04914419520335,161.85177647879038,87.970489263677
375,83493.81163360924,14457.172650600694,715.836010390953,611.5835115390071,265.15237461371623,80.38243459014915,161.79676453417758,87.94035919347479
376,83499.63531497163,14456.743111837122,713.7454806940864,608.3197530310929,266.26540339484757,80.71529630379571,161.7426503259856,87.91072785945252
377,83505.45763557414,14456.233624278822,711.7043866608109,605.0876628792176,267.37699260186105,81.04772745513141,161.6894196812412,87.88158733598361
378,83511.27858935323,14455.645532267308,709.7115249477224,601.8871683847703,268.4871361134691,81.37972620613102,161.63705868567897,87.85292987234041
379,83517.09816992673,14454.980158547807,707.7657215484163,598.718188243916,269.5958279493112,81.71129076104943,161.58555371431237,87.82474789098659
380,83522.91637057465,14454.23880461011,705.8658311105661,595.5806329117346,270.70306226763614,82.04241936572637,161.53489144188694,87.7970339859055
381,83528.73318421881,14453.42275103174,704.0107362702972,592.4744049554548,271.80883336302156,82.37311030690228,161.48505884544457,87.76978092103175
382,83534.54860340149,14452.533257818623,702.1993470034803,589.3993993970838,272.9131356641304,82.7033619115452,161.43604320389716,87.74298162881732
383,83825.36262026257,14451.571564741438,700.4305999935945,586.3555040457268,275.01596373150414,83.03317254618884,162.38783209657592,87.7166292089469
384,84271.2856160239,14452.420681076257,732.3529165876827,583.5056106572016,276.1161705445987,83.36257346801573,162.48048093717986,87.76865554443467
385,84291.25399851373,14454.953103685843,788.8257963532168,581.0776778246151,277.2151798223967,83.69161595646058,162.7890399601285,87.94063186323876
386,84271.87756085847,14456.13600746027,808.7149873239268,578.9697607865395,278.3129817035492,84.02029705208372,163.07446983634455,88.0997585384536
387,84267.61153470525,14456.904715501423,813.9868453012439,576.9847667933819,279.40950198592697,84.34859449321262,163.23042659491708,88.18695558662051
388,84269.40843328735,14457.523228655606,813.4571866341618,575.04421200788,280.5047180482818,84.6765014924404,163.28666213516414,88.21875184108661
389,84273.6372991697,14458.053429748328,810.6623370242422,573.1171931476731,281.598620796347,85.00401532045592,163.28413152432412,88.21790011739829
390,84278.84108968067,14458.503075914805,807.019814316705,571.1918790632666,282.691203751516,85.33113403264738,163.25088949888104,88.19998638070429
391,84284.43514751621,14458.869010834092,803.0969277824321,569.2640708778014,283.78246041900354,85.65785567955066,163.20284369058112,88.1738482046551
392,84290.18487699403,14459.148020087643,799.1198694121636,567.3326121290482,284.87238393076285,85.98417819972441,163.14823459827738,88.14406364465084
393,84295.99614400626,14459.338588200975,795.1779967746882,565.3975476860646,285.9609671813017,86.310099460495,163.09110734598093,88.11287999231577
394,84301.83117152343,14459.440562365708,791.3058005675498,563.4593856210834,287.0482029930207,86.63561730755791,163.0333755602439,88.08136037404567
395,84307.67479327178,14459.4546004154,787.5157916909915,561.5188016153134,288.1340842259894,86.96072959791061,162.97591826775232,88.04999313856115
396,84313.52091384257,14459.381782370865,783.8116951993743,559.5765209041548,289.21860383843676,87.28543421799964,162.91912769191154,88.01899618834567
397,84319.36707633676,14459.223387839953,780.1937429356412,557.6332714379236,290.3017549166682,87.60972909269573,162.8631721821262,87.9884630514692
398,84325.2122828984,14458.980780115373,776.6607961301843,555.6897655998102,291.3835306884057,87.93361218929594,162.8081189870831,87.95843108896996
399,84331.05612031315,14458.65534916536,773.2111962307898,553.7466933670254,292.4639245277667,88.25708151901718,162.7539904357534,87.92891270652372
400,84336.8984091823,14458.24848469347,769.8431055468293,551.8047200496197,293.5429299562175,88.58013513728233,162.70078925144827,87.8999094178106
